_type,evt_block_time,evt_index,index,start,place_in_line,amount,price_per_pod,filled_beans,_from,_to
pod-listing-filled,2022-02-05T22:37:02+00:00,97,222197249.91035,0,199627382.19737,20000,0.2,4000.0,\xeafc0e4acf147e53398a4c9ae5f15950332cce06,
pod-listing-filled,2022-02-05T23:06:54+00:00,284,387265643.983999,0,364695776.271019,35453.723781,0.05,1772.68618905,\xdc2665529774cb5be9d086140b1f698bf99fd98c,
pod-listing-filled,2022-02-05T23:12:59+00:00,299,250515993.903243,0,227946126.190263,10157.18984,0.1,1015.718984,\xd368266f4e53b9e00147c758ded2ee063591f9a8,
pod-listing-filled,2022-02-06T00:03:45+00:00,105,387301097.70778,0,364729648.295964,20044.08096,0.05,1002.2040480,\xdc2665529774cb5be9d086140b1f698bf99fd98c,
pod-listing-filled,2022-02-06T01:01:35+00:00,261,50199919.316519,0,27625283.387214,995.305321,0.6,597.1831926,\xeafc0e4acf147e53398a4c9ae5f15950332cce06,
pod-listing-filled,2022-02-06T01:12:01+00:00,58,128557679.667004,0,105983043.737699,6285.570368,0.35,2199.94962880,\x22aa1f4173b826451763ebfce22cf54a0603163c,
pod-listing-filled,2022-02-06T07:08:45+00:00,169,387321141.78874,0,364736684.90256,21300.990257,0.025,532.524756425,\xdc2665529774cb5be9d086140b1f698bf99fd98c,
pod-listing-filled,2022-02-06T16:00:48+00:00,91,27205591.471716,0,4621134.585536,12000,0.7,8400.0,\x8d06ffb1500343975571cc0240152c413d803778,
pod-listing-filled,2022-02-06T16:54:54+00:00,382,327752156.718788,0,305167699.832608,31843.087062,0.0349,1111.3237384638,\xdc2665529774cb5be9d086140b1f698bf99fd98c,
pod-listing-filled,2022-02-06T17:50:10+00:00,283,321145443.111092,0,298560986.224912,10000,0.05,500.00,\x4949d9db8af71a063971a60f918e3c63c30663d7,
pod-listing-filled,2022-02-07T04:27:30+00:00,292,81428887.071705,0,58797995.686576,51666.906449,0.2,10333.3812898,\x57b649e1e06fb90f4b3f04549a74619d6f56802e,
pod-listing-filled,2022-02-07T06:37:01+00:00,154,50200914.62184,0,27560074.253281,9004.694677,0.49,4412.30039173,\xeafc0e4acf147e53398a4c9ae5f15950332cce06,
pod-listing-filled,2022-02-07T16:18:00+00:00,83,47561305.347767,0,24884273.77948,10000,0.49,4900.00,\xeafc0e4acf147e53398a4c9ae5f15950332cce06,
pod-listing-filled,2022-02-07T16:50:48+00:00,198,490256846.516323,0,467579814.948036,5561.73126,0.05,278.0865630,\x36998db3f9d958f0ebaef7b0b6bf11f3441b216f,
pod-listing-filled,2022-02-07T18:28:56+00:00,507,27205591.471716,0,4519659.091194,6000,0.7,4200.0,\xeafc0e4acf147e53398a4c9ae5f15950332cce06,
pod-listing-filled,2022-02-07T23:47:49+00:00,260,261754319.708378,0,239042296.154648,27121.737219,0.06,1627.30423314,\x550586fc064315b54af25024415786843131c8c1,
pod-listing-filled,2022-02-08T19:27:44+00:00,532,228803240.767411,0,206068241.332546,3810.749777,0.09,342.96747993,\xeafc0e4acf147e53398a4c9ae5f15950332cce06,
pod-listing-filled,2022-02-09T20:29:35+00:00,408,128563965.237372,0,105807011.08809,10000,0.15,1500.00,\x22aa1f4173b826451763ebfce22cf54a0603163c,
pod-listing-filled,2022-02-09T20:41:00+00:00,503,47571305.347767,0,24814351.198485,2000,0.49,980.00,\xeafc0e4acf147e53398a4c9ae5f15950332cce06,
pod-listing-filled,2022-02-10T18:45:54+00:00,111,43538589.526414,0,20844757.027455,13113.713192,0.38,4983.21101296,\x374e518f85ab75c116905fc69f7e0dc9f0e2350c,
pod-listing-filled,2022-02-11T02:54:03+00:00,370,36360237.801568,0,13558464.782666,2007.046073,0.38,762.67750774,\xeafc0e4acf147e53398a4c9ae5f15950332cce06,
pod-listing-filled,2022-02-12T17:53:29+00:00,55,36362244.847641,0,13524447.090685,1531.485463,0.38,581.96447594,\xeafc0e4acf147e53398a4c9ae5f15950332cce06,
pod-listing-filled,2022-02-13T03:15:09+00:00,490,36363776.333104,0,13524281.479787,3845.038436,0.38,1461.11460568,\xeafc0e4acf147e53398a4c9ae5f15950332cce06,
pod-listing-filled,2022-02-16T09:53:40+00:00,134,27611610.53843,0,4670283.973664,1000,0.59,590.00,\xeafc0e4acf147e53398a4c9ae5f15950332cce06,
pod-listing-filled,2022-02-16T09:54:06+00:00,285,36367621.37154,0,13426294.806774,1000,0.38,380.00,\xeafc0e4acf147e53398a4c9ae5f15950332cce06,
pod-listing-filled,2022-02-16T18:36:45+00:00,120,131580722.49338,0,108623156.845706,4716.970693,0.075,353.772801975,\x57b649e1e06fb90f4b3f04549a74619d6f56802e,
pod-listing-filled,2022-02-16T18:44:29+00:00,408,131585439.464073,0,108627873.816399,18433.333333,0.075,1382.499999975,\x57b649e1e06fb90f4b3f04549a74619d6f56802e,
pod-listing-filled,2022-02-16T19:35:00+00:00,185,131603872.797406,0,108642260.253477,42647.602248,0.075,3198.570168600,\x57b649e1e06fb90f4b3f04549a74619d6f56802e,
pod-listing-filled,2022-02-17T00:00:02+00:00,362,36368621.37154,0,13399069.42672,8711.204228,0.38,3310.25760664,\xeafc0e4acf147e53398a4c9ae5f15950332cce06,
pod-listing-filled,2022-02-17T09:09:04+00:00,133,36377332.575768,0,13407780.630948,1087.2258,0.38,413.145804,\xeafc0e4acf147e53398a4c9ae5f15950332cce06,
pod-listing-filled,2022-02-18T03:05:40+00:00,140,26012876.542778,0,3043326.397007,18.15396,0.8,14.523168,\xeafc0e4acf147e53398a4c9ae5f15950332cce06,
pod-listing-filled,2022-02-18T19:15:32+00:00,226,145580692.516754,0,122643637.352601,56092.082506,0.09,5048.28742554,\x921ed81dee5099d700d447a5acb33fc65ba6bf96,
pod-listing-filled,2022-02-18T19:16:36+00:00,66,235869811.191401,0,212892756.027248,17601.537341,0.06,1056.09224046,\xd4bb9cc352ab9b8965a87bde35508695b09d40fb,
pod-listing-filled,2022-02-18T19:17:37+00:00,231,260462773.844629,0,237485718.680476,222000,0.05,11100.00,\x1904e56d521ac77b05270caefb55e18033b9b520,
pod-listing-filled,2022-02-18T19:21:28+00:00,440,36313652.89277,0,13336597.728617,7745.596697,0.38,2943.32674486,\xeafc0e4acf147e53398a4c9ae5f15950332cce06,
pod-listing-filled,2022-02-18T19:32:08+00:00,86,359895402.458005,0,336943347.293852,85000,0.042,3570.000,\x61c95fe68834db2d1f323bb85f0590690002a06d,
pod-listing-filled,2022-02-22T13:34:02+00:00,90,122173282.679601,0,99164531.079381,64805.134412,0.08,5184.41075296,\x22aa1f4173b826451763ebfce22cf54a0603163c,
pod-listing-filled,2022-02-22T17:03:02+00:00,150,122238087.814013,0,99228771.127866,122328.3945,0.08,9786.271560,\x22aa1f4173b826451763ebfce22cf54a0603163c,
pod-listing-filled,2022-02-24T19:52:20+00:00,360,93475780.742273,0,70455739.306712,3745.346177,0.09,337.08115593,\x04eb6206b41cf3dee5f034927d75cd462e58533b,
pod-listing-filled,2022-02-26T12:08:55+00:00,91,663099266.111562,0,640071095.131733,4000.480096,0.001,4.000480096,\xc2820f702ef0fbd8842c5ce8a4fcac5315593732,
pod-listing-filled,2022-02-27T01:20:44+00:00,181,93479526.08845,0,70437600.880464,302.105711,0.09,27.18951399,\x04eb6206b41cf3dee5f034927d75cd462e58533b,
pod-listing-filled,2022-02-27T06:53:18+00:00,460,36321398.489467,0,13279473.281481,2138.743042,0.38,812.72235596,\xeafc0e4acf147e53398a4c9ae5f15950332cce06,
pod-listing-filled,2022-03-01T22:38:26+00:00,156,93479828.194161,0,70400436.751514,50949.720322,0.09,4585.47482898,\x04eb6206b41cf3dee5f034927d75cd462e58533b,
pod-listing-filled,2022-03-01T22:46:21+00:00,406,46865951.762378,0,23786560.319731,2349.612372,0.25,587.40309300,\x521415eec0f5bec71704aaaf9ae0afe70323ffab,
pod-listing-filled,2022-03-01T23:34:48+00:00,295,93530777.914483,0,70451386.471836,478845.0219,0.09,43096.051971,\x04eb6206b41cf3dee5f034927d75cd462e58533b,
pod-listing-filled,2022-03-01T23:41:00+00:00,607,28014831.579668,0,4935440.137021,1632.653061,0.49,799.99999989,\xeafc0e4acf147e53398a4c9ae5f15950332cce06,
pod-listing-filled,2022-03-02T01:22:09+00:00,257,94009622.936383,0,70926272.958571,64911.823433,0.09,5842.06410897,\x04eb6206b41cf3dee5f034927d75cd462e58533b,
pod-listing-filled,2022-03-02T01:23:40+00:00,350,94074534.759816,0,70991184.782004,161247.227588,0.09,14512.25048292,\x04eb6206b41cf3dee5f034927d75cd462e58533b,
pod-listing-filled,2022-03-02T01:32:29+00:00,312,94235781.987404,0,71152432.009592,44444.444444,0.09,3999.99999996,\x04eb6206b41cf3dee5f034927d75cd462e58533b,
pod-listing-filled,2022-03-03T04:09:43+00:00,224,28278581.077376,0,5163808.802158,9392.830193,0.15,1408.92452895,\x88f09bdc8e99272588242a808052eb32702f88d0,
pod-listing-filled,2022-03-03T17:00:57+00:00,322,46868301.37475,0,23746404.459499,500,0.18,90.00,\x521415eec0f5bec71704aaaf9ae0afe70323ffab,
pod-listing-filled,2022-03-03T17:40:40+00:00,696,46868801.37475,0,23746904.459499,17072.714466,0.18,3073.08860388,\x521415eec0f5bec71704aaaf9ae0afe70323ffab,
pod-listing-filled,2022-03-04T20:52:36+00:00,321,48209459.794464,0,25149162.500415,493.432238,0.21,103.62076998,\x3efcb1c1b64e2ddd3ff1cab28ad4e5ba9cc90c1c,
pod-listing-filled,2022-03-05T03:00:28+00:00,232,36323537.232509,0,13191702.602772,12626.256958,0.38,4797.97764404,\xeafc0e4acf147e53398a4c9ae5f15950332cce06,
pod-listing-filled,2022-03-06T05:45:57+00:00,325,27998581.579668,0,4866746.949931,16250,0.49,7962.50,\xeafc0e4acf147e53398a4c9ae5f15950332cce06,
pod-listing-filled,2022-03-06T05:55:42+00:00,301,25058632.122103,0,1926797.492366,10000,0.73,7300.00,\xc6e76a8ca58b58a72116d73256990f6b54edc096,
pod-listing-filled,2022-03-06T06:31:38+00:00,106,27783526.116217,0,4826746.949931,15093.059974,0.7,10565.1419818,\x8d06ffb1500343975571cc0240152c413d803778,
pod-listing-filled,2022-03-06T06:33:30+00:00,166,48279953.88105,0,25148119.251313,12566.933733,0.21,2639.05608393,\x3efcb1c1b64e2ddd3ff1cab28ad4e5ba9cc90c1c,
pod-listing-filled,2022-03-06T07:27:27+00:00,382,48292520.814783,0,25160686.185046,10151.634029,0.21,2131.84314609,\x3efcb1c1b64e2ddd3ff1cab28ad4e5ba9cc90c1c,
pod-listing-filled,2022-03-06T07:53:06+00:00,54,230527620.752329,0,207395786.122592,84912.848439,0.05,4245.64242195,\xeafc0e4acf147e53398a4c9ae5f15950332cce06,
pod-listing-filled,2022-03-06T08:11:08+00:00,383,94280226.431848,0,71148391.802111,2058.92,0.09,185.3028,\x04eb6206b41cf3dee5f034927d75cd462e58533b,
pod-listing-filled,2022-03-06T10:08:24+00:00,207,401405678.29034,0,378273843.660603,33796,0.024,811.104,\xeafc0e4acf147e53398a4c9ae5f15950332cce06,
pod-listing-filled,2022-03-06T10:11:24+00:00,153,94282285.351848,0,71150450.722111,11111.111111,0.09,999.99999999,\x04eb6206b41cf3dee5f034927d75cd462e58533b,
pod-listing-filled,2022-03-06T10:21:01+00:00,17,27973674.639642,0,4841840.009905,24906.940025,0.7,17434.8580175,\x8d06ffb1500343975571cc0240152c413d803778,
pod-listing-filled,2022-03-06T11:57:06+00:00,235,35443835.431735,0,12312000.801998,4460.707602,0.45,2007.31842090,\x7a25275eae1aaaf0d85b8d5955b6dbc727a27eac,
pod-listing-filled,2022-03-06T15:59:34+00:00,149,40848235.510054,0,17716400.880317,655.888982,0.4,262.3555928,\xc1e607b7730c43c8d15562ffa1ad27b4463dc4c4,
pod-listing-filled,2022-03-06T17:40:30+00:00,151,43657916.319211,0,20526081.689474,20000,0.297,5940.000,\x374e518f85ab75c116905fc69f7e0dc9f0e2350c,
pod-listing-filled,2022-03-07T04:46:59+00:00,129,94293396.462959,0,71161561.833222,11277.021866,0.09,1014.93196794,\x04eb6206b41cf3dee5f034927d75cd462e58533b,
pod-listing-filled,2022-03-07T08:21:55+00:00,75,396658256.087892,0,373526421.458155,13913.764863,0.03,417.41294589,\xc55262ba8827d780df391bfd6189598c0815b0e3,
pod-listing-filled,2022-03-07T08:23:19+00:00,310,94304673.484825,0,71172838.855088,11111.111111,0.09,999.99999999,\x04eb6206b41cf3dee5f034927d75cd462e58533b,
pod-listing-filled,2022-03-07T19:13:00+00:00,432,94315784.595936,0,71183949.966199,500,0.09,45.00,\x04eb6206b41cf3dee5f034927d75cd462e58533b,
pod-listing-filled,2022-03-07T22:32:13+00:00,103,27612610.53843,0,4480775.908693,4000,0.65,2600.00,\xeafc0e4acf147e53398a4c9ae5f15950332cce06,
pod-listing-filled,2022-03-08T03:02:52+00:00,180,271616769.085401,0,248484934.455664,38071.6006,0.04,1522.864024,\x550586fc064315b54af25024415786843131c8c1,
pod-listing-filled,2022-03-08T05:17:56+00:00,450,47581305.347767,0,24449470.71803,16000,0.25,4000.00,\xeafc0e4acf147e53398a4c9ae5f15950332cce06,
pod-listing-filled,2022-03-08T10:49:42+00:00,304,24719262.956173,0,1584985.668464,10064.177624,0.845,8504.230092280,\x7ffa930d3f4774a0ba1d1fbb5b26000bbb90ca70,
pod-listing-filled,2022-03-08T10:50:19+00:00,751,26012896.495787,0,2878619.208078,1481.84604,0.8,1185.476832,\xeafc0e4acf147e53398a4c9ae5f15950332cce06,
pod-listing-filled,2022-03-08T10:52:10+00:00,423,27616610.53843,0,4482333.250721,4615.384615,0.65,2999.99999975,\xeafc0e4acf147e53398a4c9ae5f15950332cce06,
pod-listing-filled,2022-03-08T21:47:04+00:00,317,128573965.237372,0,105436930.787272,29930.693725,0.08,2394.45549800,\x22aa1f4173b826451763ebfce22cf54a0603163c,
pod-listing-filled,2022-03-08T22:17:08+00:00,536,94316284.595936,0,71179250.145836,28075.664488,0.09,2526.80980392,\x04eb6206b41cf3dee5f034927d75cd462e58533b,
pod-listing-filled,2022-03-08T22:26:53+00:00,238,94344360.260424,0,71207325.810324,12500,0.09,1125.00,\x04eb6206b41cf3dee5f034927d75cd462e58533b,
pod-listing-filled,2022-03-08T22:32:39+00:00,385,94356860.260424,0,71219825.810324,25000,0.09,2250.00,\x04eb6206b41cf3dee5f034927d75cd462e58533b,
pod-listing-filled,2022-03-09T00:10:54+00:00,244,94381860.260424,0,71241967.424963,47500,0.09,4275.00,\x04eb6206b41cf3dee5f034927d75cd462e58533b,
pod-listing-filled,2022-03-09T00:27:31+00:00,679,93005074.342273,0,69865181.506812,19146.381225,0.12,2297.56574700,\x14c506c362698270a119e1fe59a5428621f4cebf,
pod-listing-filled,2022-03-09T00:41:54+00:00,112,94429360.260424,0,71289467.424963,86512.840254,0.09,7786.15562286,\x04eb6206b41cf3dee5f034927d75cd462e58533b,
pod-listing-filled,2022-03-09T02:03:27+00:00,126,93024220.723498,0,69883249.98894,37500,0.12,4500.00,\x14c506c362698270a119e1fe59a5428621f4cebf,
pod-listing-filled,2022-03-09T03:40:28+00:00,58,36336163.489467,0,13189088.172868,20195,0.45,9087.75,\xeafc0e4acf147e53398a4c9ae5f15950332cce06,
pod-listing-filled,2022-03-09T03:42:08+00:00,276,43677916.319211,0,20530841.002612,20412.646464,0.297,6062.555999808,\x374e518f85ab75c116905fc69f7e0dc9f0e2350c,
pod-listing-filled,2022-03-09T04:48:55+00:00,224,27621225.923045,0,4466743.797768,5444.708446,0.65,3539.06048990,\xeafc0e4acf147e53398a4c9ae5f15950332cce06,
pod-listing-filled,2022-03-09T05:09:33+00:00,228,31200843.015592,0,8039038.48318,4742,0.55,2608.10,\xdda42f12b8b2ccc6717c053a2b772bad24b08cbd,
pod-listing-filled,2022-03-09T05:15:10+00:00,641,31205585.015592,0,8043780.48318,512.52218,0.55,281.8871990,\xdda42f12b8b2ccc6717c053a2b772bad24b08cbd,
pod-listing-filled,2022-03-09T07:16:25+00:00,125,128603895.931097,0,105434029.049084,125375.7465,0.08,10030.059720,\x22aa1f4173b826451763ebfce22cf54a0603163c,
pod-listing-filled,2022-03-09T07:34:03+00:00,253,128729271.677597,0,105559404.795584,31250,0.08,2500.00,\x22aa1f4173b826451763ebfce22cf54a0603163c,
pod-listing-filled,2022-03-09T07:40:28+00:00,424,271654840.686001,0,248484973.803988,62132.577144,0.04,2485.30308576,\x550586fc064315b54af25024415786843131c8c1,
pod-listing-filled,2022-03-09T09:18:14+00:00,11,43698328.965675,0,20520630.906041,5334.210734,0.297,1584.260587998,\x374e518f85ab75c116905fc69f7e0dc9f0e2350c,
pod-listing-filled,2022-03-09T14:36:39+00:00,328,25475014.033485,0,2293671.447899,275,0.82,225.50,\x3efcb1c1b64e2ddd3ff1cab28ad4e5ba9cc90c1c,
pod-listing-filled,2022-03-09T14:39:30+00:00,325,28016464.232729,0,4834866.830903,7011.850078,0.69,4838.17655382,\xeafc0e4acf147e53398a4c9ae5f15950332cce06,
pod-listing-filled,2022-03-09T17:03:43+00:00,603,26843283.499797,0,3937261.106413,70000,0.78,54600.00,\x8d06ffb1500343975571cc0240152c413d803778,
pod-listing-filled,2022-03-09T17:05:47+00:00,96,43703663.176409,0,20519771.469106,41139.42961,0.297,12218.41059417,\x374e518f85ab75c116905fc69f7e0dc9f0e2350c,
pod-listing-filled,2022-03-09T17:07:10+00:00,373,48383341.927353,0,25199450.22005,32339.941743,0.37,11965.77844491,\xbae7a9b7df36365cb17004fd2372405773273a68,
pod-listing-filled,2022-03-09T17:27:02+00:00,276,128760521.677597,0,105576629.970294,37500,0.08,3000.00,\x22aa1f4173b826451763ebfce22cf54a0603163c,
pod-listing-filled,2022-03-09T17:37:22+00:00,791,128798021.677597,0,105614129.970294,13946.070284,0.08,1115.68562272,\x22aa1f4173b826451763ebfce22cf54a0603163c,
pod-listing-filled,2022-03-09T17:54:18+00:00,97,641335218.453068,0,618151326.745765,40691.5332,0.02,813.830664,\xd4bb9cc352ab9b8965a87bde35508695b09d40fb,
pod-listing-filled,2022-03-09T21:03:55+00:00,116,277250339.397938,0,254080907.485949,100000,0.05,5000.00,\x2a7685c8c01e99eb44f635591a7d40d3a344da6f,
pod-listing-filled,2022-03-09T21:05:08+00:00,402,276364944.621992,0,253170817.257127,40316.136394,0.05,2015.80681970,\x9f083538a30e6bfe1c9e644c47d9e22ccc5ce56e,
pod-listing-filled,2022-03-09T22:38:56+00:00,546,277396766.693154,0,254202639.328289,135654.646253,0.06,8139.27877518,\x550586fc064315b54af25024415786843131c8c1,
pod-listing-filled,2022-03-09T22:40:23+00:00,662,299905735.929341,0,276711608.564476,200000,0.0549,10980.0000,\xeafc0e4acf147e53398a4c9ae5f15950332cce06,
pod-listing-filled,2022-03-09T22:42:50+00:00,217,490699224.234272,0,467505096.869407,111570,0.03,3347.10,\xeafc0e4acf147e53398a4c9ae5f15950332cce06,
pod-listing-filled,2022-03-09T22:44:11+00:00,401,28023476.082807,0,4829348.717942,3368.588734,0.69,2324.32622646,\xeafc0e4acf147e53398a4c9ae5f15950332cce06,
pod-listing-filled,2022-03-10T00:45:02+00:00,110,641375909.986268,0,618179270.150419,16603.151206,0.02,332.06302412,\xd4bb9cc352ab9b8965a87bde35508695b09d40fb,
pod-listing-filled,2022-03-10T00:48:19+00:00,222,656295710.754397,0,633099070.918548,12525.1265,0.02,250.502530,\xc79d5fbf80e00f7c67318d31f0461b96248da042,
pod-listing-filled,2022-03-10T01:49:48+00:00,456,35448296.139339,0,12251607.716538,10664.522666,0.5,5332.2613330,\x1a677955f6f111061393beffbf350b22863e1fa3,
pod-listing-filled,2022-03-10T04:52:52+00:00,604,31206097.537772,0,8009409.114971,315.345761,0.55,173.44016855,\xdda42f12b8b2ccc6717c053a2b772bad24b08cbd,
pod-listing-filled,2022-03-10T04:55:20+00:00,116,35458960.662005,0,12262272.239204,8622.953342,0.5,4311.4766710,\x1a677955f6f111061393beffbf350b22863e1fa3,
pod-listing-filled,2022-03-10T04:56:48+00:00,94,28026844.671541,0,4830156.24874,7520.625644,0.69,5189.23169436,\xeafc0e4acf147e53398a4c9ae5f15950332cce06,
pod-listing-filled,2022-03-10T10:43:19+00:00,785,94235781.987404,0,71035057.614534,6434.958505,0.2,1286.9917010,\xeafc0e4acf147e53398a4c9ae5f15950332cce06,
pod-listing-filled,2022-03-10T13:41:30+00:00,507,35467583.615347,0,12264408.224837,10448.687894,0.5,5224.3439470,\x1a677955f6f111061393beffbf350b22863e1fa3,
pod-listing-filled,2022-03-10T13:46:15+00:00,329,35478032.303241,0,12274856.912731,2067.065581,0.5,1033.5327905,\x1a677955f6f111061393beffbf350b22863e1fa3,
pod-listing-filled,2022-03-10T15:50:38+00:00,530,490810794.234272,0,467604863.774013,16666.666666,0.03,499.99999998,\xeafc0e4acf147e53398a4c9ae5f15950332cce06,
pod-listing-filled,2022-03-10T19:26:59+00:00,311,48415681.869096,0,25194459.725264,3484.401554,0.37,1289.22857498,\xbae7a9b7df36365cb17004fd2372405773273a68,
pod-listing-filled,2022-03-10T21:25:45+00:00,520,94242216.945909,0,71020994.802077,1640.31493,0.2,328.062986,\xeafc0e4acf147e53398a4c9ae5f15950332cce06,
pod-listing-filled,2022-03-10T21:30:16+00:00,166,94243857.260839,0,71022635.117007,11391.726565,0.2,2278.3453130,\xeafc0e4acf147e53398a4c9ae5f15950332cce06,
pod-listing-filled,2022-03-11T07:05:58+00:00,592,48419166.27065,0,25189069.127374,9435.437298,0.37,3491.11180026,\xbae7a9b7df36365cb17004fd2372405773273a68,
pod-listing-filled,2022-03-11T11:24:43+00:00,535,81428887.071705,0,58176189.921962,861.309251,0.33,284.23205283,\x0679be304b60cd6ff0c254a16ceef02cb19ca1b8,
pod-listing-filled,2022-03-11T18:23:39+00:00,159,490827460.900938,0,467563231.504454,134211.333334,0.03,4026.34000002,\xeafc0e4acf147e53398a4c9ae5f15950332cce06,
pod-listing-filled,2022-03-11T18:25:38+00:00,409,405009250.17802,0,381745020.781536,483255.91458,0.05,24162.7957290,\x85971eb6073d28edf8f013221071bdbb9deda1af,
pod-listing-filled,2022-03-11T18:50:25+00:00,614,228812087.12355,0,205547857.727066,4954.9711,0.07,346.847977,\xeafc0e4acf147e53398a4c9ae5f15950332cce06,
pod-listing-filled,2022-03-11T19:05:04+00:00,59,228817042.09465,0,205552421.123729,7229.528214,0.07,506.06697498,\xeafc0e4acf147e53398a4c9ae5f15950332cce06,
pod-listing-filled,2022-03-11T21:28:26+00:00,75,693193337.526291,0,669928058.72545,56385.1093,0.02,1127.702186,\xeafc0e4acf147e53398a4c9ae5f15950332cce06,
pod-listing-filled,2022-03-11T21:39:02+00:00,362,693249722.635591,0,669984443.83475,37903.8907,0.02,758.077814,\xeafc0e4acf147e53398a4c9ae5f15950332cce06,
pod-listing-filled,2022-03-11T22:23:18+00:00,211,228824271.622864,0,205558981.908474,28977.789728,0.07,2028.44528096,\xeafc0e4acf147e53398a4c9ae5f15950332cce06,
pod-listing-filled,2022-03-12T01:21:00+00:00,115,202159243.561586,0,178963257.101453,3759.398496,0.133,499.999999968,\x3efcb1c1b64e2ddd3ff1cab28ad4e5ba9cc90c1c,
pod-listing-filled,2022-03-12T06:36:57+00:00,200,32787450.18812,0,9505541.271878,2961.087365,0.75,2220.81552375,\xbf8a064c575093bf91674c5045e144a347eee02e,
pod-listing-filled,2022-03-12T06:48:31+00:00,84,27205591.471716,0,3923682.555474,3000,0.79,2370.00,\xeafc0e4acf147e53398a4c9ae5f15950332cce06,
pod-listing-filled,2022-03-12T08:13:11+00:00,431,202233002.999979,0,178941335.363555,2326.237721,0.133,309.389616893,\x3efcb1c1b64e2ddd3ff1cab28ad4e5ba9cc90c1c,
pod-listing-filled,2022-03-12T10:00:50+00:00,139,218671968.549714,0,195372634.435869,3855.741975,0.12,462.68903700,\x0679be304b60cd6ff0c254a16ceef02cb19ca1b8,
pod-listing-filled,2022-03-12T10:21:55+00:00,1517,694491673.804561,0,671192339.690716,8976.1768,0.02,179.523536,\xeafc0e4acf147e53398a4c9ae5f15950332cce06,
pod-listing-filled,2022-03-12T13:53:48+00:00,43,27208591.471716,0,3906958.212529,2818.086336,0.79,2226.28820544,\xeafc0e4acf147e53398a4c9ae5f15950332cce06,
pod-listing-filled,2022-03-12T15:53:21+00:00,162,202235329.2377,0,178926595.116408,1466.439378,0.14,205.30151292,\x3efcb1c1b64e2ddd3ff1cab28ad4e5ba9cc90c1c,
pod-listing-filled,2022-03-12T17:34:25+00:00,341,228853249.412592,0,205543891.138737,7142.857142,0.07,499.99999994,\xeafc0e4acf147e53398a4c9ae5f15950332cce06,
pod-listing-filled,2022-03-12T17:51:33+00:00,292,25068632.122103,0,1759273.848248,3742.630947,0.9,3368.3678523,\xeafc0e4acf147e53398a4c9ae5f15950332cce06,
pod-listing-filled,2022-03-12T19:11:48+00:00,224,694500649.981361,0,671182606.317911,74135.096485,0.02,1482.70192970,\xeafc0e4acf147e53398a4c9ae5f15950332cce06,
pod-listing-filled,2022-03-12T19:27:35+00:00,354,221365023.65987,0,198046979.99642,48943.894047,0.08,3915.51152376,\xbae7a9b7df36365cb17004fd2372405773273a68,
pod-listing-filled,2022-03-12T19:27:59+00:00,57,228860392.269734,0,205542348.606284,27884.104039,0.07,1951.88728273,\xeafc0e4acf147e53398a4c9ae5f15950332cce06,
pod-listing-filled,2022-03-12T19:28:11+00:00,78,277250339.397938,0,253932295.734488,24695.452876,0.09,2222.59075884,\x2a7685c8c01e99eb44f635591a7d40d3a344da6f,
pod-listing-filled,2022-03-12T19:28:34+00:00,243,296679653.218877,0,273361609.555427,89966.0164,0.08,7197.281312,\x9f083538a30e6bfe1c9e644c47d9e22ccc5ce56e,
pod-listing-filled,2022-03-12T19:29:25+00:00,278,296769619.235277,0,273451575.571827,28239.348266,0.08,2259.14786128,\x9f083538a30e6bfe1c9e644c47d9e22ccc5ce56e,
pod-listing-filled,2022-03-12T19:30:48+00:00,45,490961672.234272,0,467643628.570822,127509.8648,0.04,5100.394592,\xeafc0e4acf147e53398a4c9ae5f15950332cce06,
pod-listing-filled,2022-03-13T00:13:26+00:00,121,94280226.431848,0,70947794.963409,950,0.19,180.50,\x70c61c13ccef8c8a7e74933dfb037aae0c2bea31,
pod-listing-filled,2022-03-13T09:11:52+00:00,290,26197232.616933,0,2832408.544153,860.21625,0.89,765.5924625,\x85bbe859d13c5311520167aad51482672eea654b,
pod-listing-filled,2022-03-13T09:30:21+00:00,1,202236795.677078,0,178871971.604298,25140.924405,0.14,3519.72941670,\x3efcb1c1b64e2ddd3ff1cab28ad4e5ba9cc90c1c,
pod-listing-filled,2022-03-13T09:52:43+00:00,8,48209459.794464,0,24904636.376032,730.35855,0.42,306.7505910,\x3efcb1c1b64e2ddd3ff1cab28ad4e5ba9cc90c1c,
pod-listing-filled,2022-03-13T09:55:55+00:00,56,94255248.987404,0,70890424.914624,2542.93271,0.2,508.586542,\xeafc0e4acf147e53398a4c9ae5f15950332cce06,
pod-listing-filled,2022-03-13T10:46:51+00:00,390,694574785.077846,0,671207488.567227,88383.049,0.03,2651.49147,\xeafc0e4acf147e53398a4c9ae5f15950332cce06,
pod-listing-filled,2022-03-13T17:07:07+00:00,171,31343225.29853,0,7939763.374906,190.881515,0.85,162.24928775,\x50a5ecd4876e7ff5e1a5c54a4f370c4c6f4047d8,
pod-listing-filled,2022-03-13T20:39:10+00:00,243,26843283.499797,0,3677002.706938,3057.061882,0.82,2506.79074324,\x8d06ffb1500343975571cc0240152c413d803778,
pod-listing-filled,2022-03-13T21:27:51+00:00,456,695196582.394395,0,671780823.977854,56964.081161,0.03,1708.92243483,\xeafc0e4acf147e53398a4c9ae5f15950332cce06,
pod-listing-filled,2022-03-13T22:53:17+00:00,231,48270190.807362,0,24859433.032271,4269,0.52,2219.88,\x3efcb1c1b64e2ddd3ff1cab28ad4e5ba9cc90c1c,
pod-listing-filled,2022-03-14T00:54:01+00:00,379,491089182.099072,0,467667057.795566,26604.1352,0.04,1064.165408,\xeafc0e4acf147e53398a4c9ae5f15950332cce06,
pod-listing-filled,2022-03-14T01:06:55+00:00,455,27094209.875598,0,3669129.605527,3058.346004,0.82,2507.84372328,\x8d06ffb1500343975571cc0240152c413d803778,
pod-listing-filled,2022-03-14T03:41:22+00:00,221,27097268.221602,0,3658916.46788,6097.560975,0.82,4999.99999950,\x8d06ffb1500343975571cc0240152c413d803778,
pod-listing-filled,2022-03-14T05:48:24+00:00,219,27103365.782577,0,3654138.3678,4694.956362,0.82,3849.86421684,\x8d06ffb1500343975571cc0240152c413d803778,
pod-listing-filled,2022-03-14T08:40:12+00:00,776,323099144.507879,0,299628721.145107,30303.030303,0.066,1999.999999998,\x54793c8f80f642ed4e200177bf845c61915ebc55,
pod-listing-filled,2022-03-14T14:24:09+00:00,339,323129447.538182,0,299628704.306876,1941.820772,0.066,128.160170952,\x54793c8f80f642ed4e200177bf845c61915ebc55,
pod-listing-filled,2022-03-14T15:15:53+00:00,373,323131389.358954,0,299628489.186431,65269.543413,0.066,4307.789865258,\x54793c8f80f642ed4e200177bf845c61915ebc55,
pod-listing-filled,2022-03-14T16:01:10+00:00,462,27205591.471716,0,3697732.162831,3000,0.79,2370.00,\x2e7435ac62af083f5602b645602770f5328018d1,
pod-listing-filled,2022-03-14T21:57:56+00:00,216,26254950.988533,0,2732211.525083,4030.762307,0.825,3325.378903275,\xddf06174511f1467811aa55cd6eb4efe0dffc2e8,
pod-listing-filled,2022-03-14T23:47:09+00:00,24,262192846.38856,0,238656186.287761,2857.625611,0.09,257.18630499,\x550586fc064315b54af25024415786843131c8c1,
pod-listing-filled,2022-03-14T23:57:26+00:00,295,42612301.09903,0,19075640.998231,230.290114,0.67,154.29437638,\x6a93946254899a34fdcb7fbf92dfd2e4ec1399e7,
pod-listing-filled,2022-03-15T00:55:45+00:00,397,94280226.431848,0,70735926.311058,64.286521,0.28,18.00022588,\x70c61c13ccef8c8a7e74933dfb037aae0c2bea31,
pod-listing-filled,2022-03-15T02:11:08+00:00,450,218675824.291689,0,195127123.203352,1894.2869,0.12,227.314428,\x0679be304b60cd6ff0c254a16ceef02cb19ca1b8,
pod-listing-filled,2022-03-15T07:31:53+00:00,147,27108060.738939,0,3540910.281099,302.524126,0.82,248.06978332,\x8d06ffb1500343975571cc0240152c413d803778,
pod-listing-filled,2022-03-15T11:54:20+00:00,431,27108363.263065,0,3510946.262167,12789.55065,0.82,10487.4315330,\x8d06ffb1500343975571cc0240152c413d803778,
pod-listing-filled,2022-03-15T12:05:03+00:00,219,695628520.661609,0,672021276.115073,143420,0.033,4732.860,\x26258096ade7e73b0fcb7b5e2ac1006a854deef6,
pod-listing-filled,2022-03-15T12:08:54+00:00,185,40848891.399036,0,17241646.8525,18658.460216,0.6,11195.0761296,\xc1e607b7730c43c8d15562ffa1ad27b4463dc4c4,
pod-listing-filled,2022-03-15T12:20:26+00:00,396,250526151.093083,0,226918906.546547,74656.41753,0.1,7465.641753,\xd368266f4e53b9e00147c758ded2ee063591f9a8,
pod-listing-filled,2022-03-15T12:58:20+00:00,248,262195704.014171,0,238588459.467635,25133.316533,0.09,2261.99848797,\x550586fc064315b54af25024415786843131c8c1,
pod-listing-filled,2022-03-15T13:08:09+00:00,494,309147120.451233,0,285524843.03292,20160.241262,0.1,2016.0241262,\x76a014267b1d9e375d4a84554504e366c7de1167,
pod-listing-filled,2022-03-15T13:33:50+00:00,171,40867549.859252,0,17245272.440939,10500,0.6,6300.0,\xc1e607b7730c43c8d15562ffa1ad27b4463dc4c4,
pod-listing-filled,2022-03-15T13:47:46+00:00,658,25475543.849725,0,1853266.431412,3523.403523,0.855,3012.510012165,\xe1d86a7088d05398a2b9ba566be0b3c5ffa5d9af,
pod-listing-filled,2022-03-15T13:52:09+00:00,306,27211591.471716,0,3589314.053403,6000,0.85,5100.00,\xe7003d4f740d6bbc2bb0f057d41df36085d8cba8,
pod-listing-filled,2022-03-15T14:31:17+00:00,398,27616610.53843,0,3984639.004806,4615.384614,0.9,4153.8461526,\x8d06ffb1500343975571cc0240152c413d803778,
pod-listing-filled,2022-03-15T23:23:43+00:00,252,405492506.0926,0,381801478.355452,262.152482,0.05,13.10762410,\x85971eb6073d28edf8f013221071bdbb9deda1af,
pod-listing-filled,2022-03-16T02:03:06+00:00,431,323131389.358954,0,299419210.20041,61656.029023,0.084,5179.106437932,\xeafc0e4acf147e53398a4c9ae5f15950332cce06,
pod-listing-filled,2022-03-16T04:36:00+00:00,57,136878766.211724,0,113151191.10133,34430.663633,0.15,5164.59954495,\x80ec8c4e035a9a200155a3f8d3e5fd29b2d8ca42,
pod-listing-filled,2022-03-16T04:58:59+00:00,378,81429748.380956,0,57702173.270562,7813.05883,0.33,2578.3094139,\x0679be304b60cd6ff0c254a16ceef02cb19ca1b8,
pod-listing-filled,2022-03-16T05:52:58+00:00,75,411688335.001233,0,387958872.592219,1570,0.05,78.50,\x3103c84c86a534a4f10c3823606f2a5b90923924,
pod-listing-filled,2022-03-16T05:55:27+00:00,228,422363385.300603,0,398633922.891589,3204,0.05,160.20,\x3103c84c86a534a4f10c3823606f2a5b90923924,
pod-listing-filled,2022-03-16T06:05:34+00:00,169,24719262.956173,0,986315.525904998,10064.177623,0.94,9460.32696562,\x8d06ffb1500343975571cc0240152c413d803778,
pod-listing-filled,2022-03-16T11:32:48+00:00,317,28278581.077376,0,4503559.719691,8579,0.82,7034.78,\xeafc0e4acf147e53398a4c9ae5f15950332cce06,
pod-listing-filled,2022-03-16T18:48:26+00:00,222,695447106.462249,0,671621210.831346,20000,0.033,660.000,\xeafc0e4acf147e53398a4c9ae5f15950332cce06,
pod-listing-filled,2022-03-16T19:01:54+00:00,265,695993270.29395,0,672161734.524869,70921.5625,0.033,2340.4115625,\x26258096ade7e73b0fcb7b5e2ac1006a854deef6,
pod-listing-filled,2022-03-16T19:03:39+00:00,216,26012896.495787,0,2181360.726706,1481.846039,0.94,1392.93527666,\x8d06ffb1500343975571cc0240152c413d803778,
pod-listing-filled,2022-03-16T19:06:09+00:00,58,27626670.631491,0,3795134.86241,3002.332759,0.88,2642.05282792,\xeafc0e4acf147e53398a4c9ae5f15950332cce06,
pod-listing-filled,2022-03-16T23:32:43+00:00,836,40878049.859252,0,17028022.909067,4557.68978,0.6,2734.613868,\xc1e607b7730c43c8d15562ffa1ad27b4463dc4c4,
pod-listing-filled,2022-03-17T04:26:19+00:00,380,40882607.549032,0,17004239.607985,13667.205471,0.6,8200.3232826,\xc1e607b7730c43c8d15562ffa1ad27b4463dc4c4,
pod-listing-filled,2022-03-17T04:55:37+00:00,15,40896274.754503,0,17017906.813456,54252.678768,0.6,32551.6072608,\xc1e607b7730c43c8d15562ffa1ad27b4463dc4c4,
pod-listing-filled,2022-03-17T06:08:25+00:00,231,695337036.890007,0,671446396.29581,60606.060606,0.033,1999.999999998,\xeafc0e4acf147e53398a4c9ae5f15950332cce06,
pod-listing-filled,2022-03-17T08:29:55+00:00,127,27629672.96425,0,3730742.944824,6937.574179,0.88,6105.06527752,\xeafc0e4acf147e53398a4c9ae5f15950332cce06,
pod-listing-filled,2022-03-17T15:47:52+00:00,490,695467106.462249,0,671540470.884377,28471.528595,0.033,939.560443635,\xeafc0e4acf147e53398a4c9ae5f15950332cce06,
pod-listing-filled,2022-03-17T20:08:50+00:00,74,697462003.533001,0,673516486.046283,233865.679687,0.03,7015.97039061,\x26258096ade7e73b0fcb7b5e2ac1006a854deef6,
pod-listing-filled,2022-03-17T20:10:45+00:00,415,42446543.126905,0,18501025.640187,3344.111016,0.65,2173.67216040,\xeafc0e4acf147e53398a4c9ae5f15950332cce06,
pod-listing-filled,2022-03-17T20:56:07+00:00,324,262195704.014171,0,238250186.527453,25133.316533,0.085,2136.331905305,\x9f083538a30e6bfe1c9e644c47d9e22ccc5ce56e,
pod-listing-filled,2022-03-17T21:03:50+00:00,243,693862296.947457,0,669907914.82572,4395.105822,0.032,140.643386304,\xc997b8078a2c4aa2ac8e17589583173518f3bc94,
pod-listing-filled,2022-03-17T22:00:43+00:00,529,695397642.950613,0,671440266.248806,10587.087636,0.033,349.373891988,\xeafc0e4acf147e53398a4c9ae5f15950332cce06,
pod-listing-filled,2022-03-17T22:32:10+00:00,109,323193045.387977,0,299235668.68617,3613.51439,0.084,303.53520876,\xeafc0e4acf147e53398a4c9ae5f15950332cce06,
pod-listing-filled,2022-03-17T22:34:00+00:00,93,491115786.234272,0,467158409.532465,54054.054054,0.074,3999.999999996,\xeafc0e4acf147e53398a4c9ae5f15950332cce06,
pod-listing-filled,2022-03-17T22:40:07+00:00,243,43657916.319211,0,19700539.617404,2725.077554,0.55,1498.79265470,\xeafc0e4acf147e53398a4c9ae5f15950332cce06,
pod-listing-filled,2022-03-17T22:57:13+00:00,147,697695869.212688,0,673738492.510881,151773.247545,0.033,5008.517168985,\x26258096ade7e73b0fcb7b5e2ac1006a854deef6,
pod-listing-filled,2022-03-17T23:18:56+00:00,26,250600807.510613,0,226641189.350414,197207.803637,0.1,19720.7803637,\xd368266f4e53b9e00147c758ded2ee063591f9a8,
pod-listing-filled,2022-03-17T23:18:56+00:00,529,312055923.158305,0,288096304.998106,961997.948382,0.1,96199.7948382,\x88f09bdc8e99272588242a808052eb32702f88d0,
pod-listing-filled,2022-03-17T23:19:32+00:00,430,384284223.137807,0,360324604.977608,107637.536296,0.09,9687.37826664,\x3d138e67dfac9a7af69d2694470b0b6d37721b06,
pod-listing-filled,2022-03-17T23:20:27+00:00,5,636847008.762039,0,612887390.60184,488149.24397,0.05,24407.4621985,\x88f09bdc8e99272588242a808052eb32702f88d0,
pod-listing-filled,2022-03-18T00:29:22+00:00,560,43660641.396765,0,19698319.387952,482.531652,0.55,265.39240860,\xeafc0e4acf147e53398a4c9ae5f15950332cce06,
pod-listing-filled,2022-03-18T00:32:33+00:00,456,697847642.460233,0,673885320.45142,8422.147424,0.033,277.930864992,\x26258096ade7e73b0fcb7b5e2ac1006a854deef6,
pod-listing-filled,2022-03-18T01:26:41+00:00,290,136913196.875357,0,112946819.562935,2935.93438,0.15,440.3901570,\x80ec8c4e035a9a200155a3f8d3e5fd29b2d8ca42,
pod-listing-filled,2022-03-18T01:38:35+00:00,246,695771940.661609,0,671805563.349187,21000,0.033,693.000,\xeafc0e4acf147e53398a4c9ae5f15950332cce06,
pod-listing-filled,2022-03-18T02:18:47+00:00,447,697856064.607657,0,673888961.262079,30000,0.033,990.000,\x26258096ade7e73b0fcb7b5e2ac1006a854deef6,
pod-listing-filled,2022-03-18T02:32:49+00:00,359,697886064.607657,0,673918961.262079,22691.440968,0.033,748.817551944,\x26258096ade7e73b0fcb7b5e2ac1006a854deef6,
pod-listing-filled,2022-03-18T02:36:17+00:00,56,695426166.696789,0,671459063.351211,8643.272696,0.033,285.227998968,\xeafc0e4acf147e53398a4c9ae5f15950332cce06,
pod-listing-filled,2022-03-18T03:57:32+00:00,125,695792940.661609,0,671824169.481671,20000,0.033,660.000,\xeafc0e4acf147e53398a4c9ae5f15950332cce06,
pod-listing-filled,2022-03-18T04:07:02+00:00,86,43661123.928417,0,19688024.147077,4987.726658,0.55,2743.24966190,\xeafc0e4acf147e53398a4c9ae5f15950332cce06,
pod-listing-filled,2022-03-18T05:06:24+00:00,225,136916132.809737,0,112937294.051434,8000,0.15,1200.00,\x80ec8c4e035a9a200155a3f8d3e5fd29b2d8ca42,
pod-listing-filled,2022-03-18T06:38:12+00:00,233,26254950.988533,0,2266706.319719,1544.471194,0.9,1390.0240746,\xeafc0e4acf147e53398a4c9ae5f15950332cce06,
pod-listing-filled,2022-03-18T06:44:23+00:00,659,331554473.841786,0,307566229.172972,6167.341566,0.09,555.06074094,\x550586fc064315b54af25024415786843131c8c1,
pod-listing-filled,2022-03-18T07:06:45+00:00,210,136924132.809737,0,112935888.140923,55399.924533,0.15,8309.98867995,\x80ec8c4e035a9a200155a3f8d3e5fd29b2d8ca42,
pod-listing-filled,2022-03-18T07:27:36+00:00,176,695408230.038249,0,671419985.369435,1458.416574,0.033,48.127746942,\xeafc0e4acf147e53398a4c9ae5f15950332cce06,
pod-listing-filled,2022-03-18T07:27:36+00:00,420,695504899.844259,0,671516655.175445,8038.918025,0.033,265.284294825,\xeafc0e4acf147e53398a4c9ae5f15950332cce06,
pod-listing-filled,2022-03-18T07:28:13+00:00,292,697945151.970404,0,673956907.30159,9388.515625,0.033,309.821015625,\x26258096ade7e73b0fcb7b5e2ac1006a854deef6,
pod-listing-filled,2022-03-18T07:30:32+00:00,196,697954557.880858,0,673966313.212044,85060.9375,0.033,2807.0109375,\x26258096ade7e73b0fcb7b5e2ac1006a854deef6,
pod-listing-filled,2022-03-18T07:30:57+00:00,335,695812940.661609,0,671824695.992795,14524.410119,0.033,479.305533927,\xeafc0e4acf147e53398a4c9ae5f15950332cce06,
pod-listing-filled,2022-03-18T07:52:36+00:00,462,43666111.655075,0,19677866.986261,4263.308614,0.55,2344.81973770,\xeafc0e4acf147e53398a4c9ae5f15950332cce06,
pod-listing-filled,2022-03-18T08:19:48+00:00,301,218677718.578589,0,194689473.909775,4593.795975,0.12,551.25551700,\x0679be304b60cd6ff0c254a16ceef02cb19ca1b8,
pod-listing-filled,2022-03-18T09:10:07+00:00,264,26197232.616933,0,2203038.114492,400,0.96,384.00,\x9a5d202c5384a032473b2370d636dca39adcc28f,
pod-listing-filled,2022-03-18T09:14:00+00:00,81,136979532.73427,0,112985338.231829,1000,0.15,150.00,\x80ec8c4e035a9a200155a3f8d3e5fd29b2d8ca42,
pod-listing-filled,2022-03-18T09:24:32+00:00,88,697954557.880858,0,673960363.378417,1260.667121,0.066,83.204029986,\x8a8b65af44adf126faf6e98ca02174dff2d452df,
pod-listing-filled,2022-03-18T10:44:36+00:00,555,43670374.963689,0,19669079.339194,7541.355521,0.55,4147.74553655,\xeafc0e4acf147e53398a4c9ae5f15950332cce06,
pod-listing-filled,2022-03-18T10:48:00+00:00,280,81437561.439786,0,57436265.815291,42992.538368,0.33,14187.53766144,\x0679be304b60cd6ff0c254a16ceef02cb19ca1b8,
pod-listing-filled,2022-03-18T10:51:24+00:00,101,94257791.920114,0,70256496.295619,22434.511734,0.24,5384.28281616,\xeafc0e4acf147e53398a4c9ae5f15950332cce06,
pod-listing-filled,2022-03-18T10:55:21+00:00,531,136980532.73427,0,112979237.109775,110395.261033,0.15,16559.28915495,\x80ec8c4e035a9a200155a3f8d3e5fd29b2d8ca42,
pod-listing-filled,2022-03-18T12:10:10+00:00,88,695271790.792853,0,671262616.656518,4848.909225,0.04,193.95636900,\xeafc0e4acf147e53398a4c9ae5f15950332cce06,
pod-listing-filled,2022-03-18T14:58:47+00:00,95,698115995.386371,0,674091986.626972,56157.982228,0.035,1965.529377980,\x26258096ade7e73b0fcb7b5e2ac1006a854deef6,
pod-order-filled,2022-02-06T02:06:10+00:00,146,40016336.000939,0,17439026.641266,5931.754665,0.2,1186.3509330,\x82f402847051bddaab0f5d4b481417281837c424,\x36998db3f9d958f0ebaef7b0b6bf11f3441b216f
pod-order-filled,2022-02-06T02:06:57+00:00,20,30093619.332251,0,7516309.972578,1108.739846,0.2,221.7479692,\x82f402847051bddaab0f5d4b481417281837c424,\x36998db3f9d958f0ebaef7b0b6bf11f3441b216f
pod-order-filled,2022-02-06T02:07:09+00:00,50,30475915.918693,0,7898606.55902,1107.800543,0.2,221.5601086,\x82f402847051bddaab0f5d4b481417281837c424,\x36998db3f9d958f0ebaef7b0b6bf11f3441b216f
pod-order-filled,2022-02-06T02:07:34+00:00,191,32955503.192184,0,10378193.832511,1069.723017,0.2,213.9446034,\x82f402847051bddaab0f5d4b481417281837c424,\x36998db3f9d958f0ebaef7b0b6bf11f3441b216f
pod-order-filled,2022-02-06T02:08:28+00:00,113,32537929.648192,0,9960620.288519,597.940445,0.2,119.5880890,\x82f402847051bddaab0f5d4b481417281837c424,\x36998db3f9d958f0ebaef7b0b6bf11f3441b216f
pod-order-filled,2022-02-06T02:09:38+00:00,289,128200293.224284,4370.751822,105627354.616433,16604.041484,0.2,3320.8082968,\x64298a72f4e3e23387efc409fc424a3f17356fc4,\x36998db3f9d958f0ebaef7b0b6bf11f3441b216f
pod-order-filled,2022-02-06T18:16:21+00:00,90,117206229.423574,27103.616715,94648348.59046,5555.555555,0.18,999.99999990,\x57b649e1e06fb90f4b3f04549a74619d6f56802e,\x88673cb5439fe3ea7eaa633c2e02fb07284e0765
pod-order-filled,2022-02-06T19:37:38+00:00,489,47521517.557564,59787.790203,24989659.580649,16000,0.25,4000.00,\x6a93946254899a34fdcb7fbf92dfd2e4ec1399e7,\xeafc0e4acf147e53398a4c9ae5f15950332cce06
pod-order-filled,2022-02-06T20:35:44+00:00,137,47521517.557564,39787.790203,24964000,20000,0.25,5000.00,\x6a93946254899a34fdcb7fbf92dfd2e4ec1399e7,\xeafc0e4acf147e53398a4c9ae5f15950332cce06
pod-order-filled,2022-02-06T20:51:53+00:00,262,26012876.542778,0,3415571.195011,1501.799049,0.4,600.7196196,\x6a93946254899a34fdcb7fbf92dfd2e4ec1399e7,\xeafc0e4acf147e53398a4c9ae5f15950332cce06
pod-order-filled,2022-02-07T06:06:30+00:00,552,27217591.471716,419019.066714,4995770.169871,10998.200951,0.4,4399.2803804,\x8d06ffb1500343975571cc0240152c413d803778,\xeafc0e4acf147e53398a4c9ae5f15950332cce06
pod-order-filled,2022-02-07T07:16:25+00:00,56,27783526.116217,256305.463451,5392222.840287,33333.333333,0.45,14999.99999985,\x8d06ffb1500343975571cc0240152c413d803778,\xe1d045be479ce7127186896a0149aac7137b455e
pod-order-filled,2022-02-07T07:17:18+00:00,241,27217591.471716,394019.066714,4964001.799049,25000,0.4,10000.0,\x8d06ffb1500343975571cc0240152c413d803778,\xeafc0e4acf147e53398a4c9ae5f15950332cce06
pod-order-filled,2022-02-07T14:23:50+00:00,40,47597305.347767,0,24932852.23886,14523.272406,0.265,3848.667187590,\x6a93946254899a34fdcb7fbf92dfd2e4ec1399e7,\xe1d045be479ce7127186896a0149aac7137b455e
pod-order-filled,2022-02-07T14:25:48+00:00,156,47521517.557564,9028.043742,24866092.492399,30759.746461,0.265,8151.332812165,\x6a93946254899a34fdcb7fbf92dfd2e4ec1399e7,\xe1d045be479ce7127186896a0149aac7137b455e
pod-order-filled,2022-02-07T20:19:22+00:00,428,27783526.116217,231305.463451,5320736.029333,25000,0.4,10000.0,\x8d06ffb1500343975571cc0240152c413d803778,\xeafc0e4acf147e53398a4c9ae5f15950332cce06
pod-order-filled,2022-02-07T21:15:16+00:00,401,36313652.89277,46584.908798,13654663.433833,20000,0.25,5000.00,\x47635847a5bc731592f7efb9a10f2461c2f5cdab,\xeafc0e4acf147e53398a4c9ae5f15950332cce06
pod-order-filled,2022-02-08T09:16:30+00:00,482,27783526.116217,215055.463451,5261410.888158,16250,0.4,6500.0,\x8d06ffb1500343975571cc0240152c413d803778,\xeafc0e4acf147e53398a4c9ae5f15950332cce06
pod-order-filled,2022-02-08T22:38:17+00:00,224,36313652.89277,0,13573097.467413,46584.908798,0.25,11646.22719950,\x47635847a5bc731592f7efb9a10f2461c2f5cdab,\xeafc0e4acf147e53398a4c9ae5f15950332cce06
pod-order-filled,2022-02-16T18:31:50+00:00,257,32955503.192184,0,9997937.54451,1069.723017,0.25,267.43075425,\x36998db3f9d958f0ebaef7b0b6bf11f3441b216f,\xeafc0e4acf147e53398a4c9ae5f15950332cce06
pod-order-filled,2022-02-16T18:32:30+00:00,355,32537929.648192,252.57226,9580616.572778,345.368185,0.25,86.34204625,\x36998db3f9d958f0ebaef7b0b6bf11f3441b216f,\xeafc0e4acf147e53398a4c9ae5f15950332cce06
pod-order-filled,2022-02-18T19:18:49+00:00,55,23999522.25399,3038.541665,1025505.631502,12500,0.8,10000.0,\xc5fb51e68d2753fd484b7f99a13c8e746720c6ac,\xe7003d4f740d6bbc2bb0f057d41df36085d8cba8
pod-order-filled,2022-02-19T19:06:47+00:00,347,221003663.002392,178368.924777,198199649.793719,20023.987333,0.03,600.71961999,\xa8444f263231a9884450017381b737ff832d3021,\x6a93946254899a34fdcb7fbf92dfd2e4ec1399e7
pod-order-filled,2022-02-19T19:16:13+00:00,554,221003663.002392,42005.288414,198063286.157356,136363.636363,0.011,1499.999999993,\xa8444f263231a9884450017381b737ff832d3021,\xfc748762f301229bcea219b584fdf8423d8060a1
pod-order-filled,2022-02-19T19:18:13+00:00,408,221003663.002392,0,198021280.868942,42005.288414,0.01,420.05288414,\xa8444f263231a9884450017381b737ff832d3021,\x0b8e605a7446801ae645e57de5aabbc251cd1e3c
pod-order-filled,2022-02-20T02:12:44+00:00,36,26258981.750842,0,3276599.617392,575.995631,0.55,316.79759705,\x5a57107a58a0447066c376b211059352b617c3ba,\x3efcb1c1b64e2ddd3ff1cab28ad4e5ba9cc90c1c
pod-order-filled,2022-02-20T02:17:24+00:00,136,25475014.033485,0,2492631.900035,529.81624,0.55,291.3989320,\x5a57107a58a0447066c376b211059352b617c3ba,\x3efcb1c1b64e2ddd3ff1cab28ad4e5ba9cc90c1c
pod-order-filled,2022-02-20T18:13:26+00:00,441,25471822.591753,0,2489440.458303,529.441732,0.55,291.19295260,\x5a57107a58a0447066c376b211059352b617c3ba,\x3efcb1c1b64e2ddd3ff1cab28ad4e5ba9cc90c1c
pod-order-filled,2022-02-22T00:15:50+00:00,250,25354186.061189,0,2345434.460969,500.635194,0.55,275.34935670,\x5a57107a58a0447066c376b211059352b617c3ba,\x3efcb1c1b64e2ddd3ff1cab28ad4e5ba9cc90c1c
pod-order-filled,2022-02-22T00:19:25+00:00,289,25353686.585833,0,2344934.985613,499.475356,0.55,274.71144580,\x5a57107a58a0447066c376b211059352b617c3ba,\x3efcb1c1b64e2ddd3ff1cab28ad4e5ba9cc90c1c
pod-order-filled,2022-02-23T19:26:37+00:00,70,25348203.699905,3.248309,2328165.512653,483.681672,0.55,266.02491960,\x5a57107a58a0447066c376b211059352b617c3ba,\x3efcb1c1b64e2ddd3ff1cab28ad4e5ba9cc90c1c
pod-order-filled,2022-02-24T11:07:13+00:00,250,51480878.285016,1226555.998095,29687392.84755,312607.15245,0.12,37512.8582940,\x8d06ffb1500343975571cc0240152c413d803778,\x0872fcfe9c10993c0e55bb0d0c61c327933d6549
pod-order-filled,2022-02-26T13:06:59+00:00,107,131492704.901115,0,108464533.921286,66346.441237,0.03,1990.39323711,\x297751960dad09c6d38b73538c1cce45457d796d,\xd3c1e750b5664170f4af828145295b678bafd460
pod-order-filled,2022-02-26T13:58:31+00:00,20,128221268.01759,4948.467499,105198045.50526,33653.558763,0.03,1009.60676289,\x297751960dad09c6d38b73538c1cce45457d796d,\xd3c1e750b5664170f4af828145295b678bafd460
pod-order-filled,2022-02-27T01:03:23+00:00,32,167963234.163137,38791.043522,144960099.998673,66666.666666,0.03,1999.99999998,\x297751960dad09c6d38b73538c1cce45457d796d,\x0b8e605a7446801ae645e57de5aabbc251cd1e3c
pod-order-filled,2022-03-03T05:28:02+00:00,127,401405678.29034,0,378290906.015122,36511.874656,0.011,401.630621216,\xb4670077b4d680595b15872d79dee61ffcb8b15d,\xeafc0e4acf147e53398a4c9ae5f15950332cce06
pod-order-filled,2022-03-04T13:21:04+00:00,396,629670321.709709,0,606540023.761312,18284.6154,0.01,182.846154,\xa9b13316697deb755cd86585de872ea09894ef0f,\x0b8e605a7446801ae645e57de5aabbc251cd1e3c
pod-order-filled,2022-03-07T07:56:47+00:00,112,27783526.116217,157309.801751,4809001.288231,17745.6617,0.4,7098.26468,\x8d06ffb1500343975571cc0240152c413d803778,\xeafc0e4acf147e53398a4c9ae5f15950332cce06
pod-order-filled,2022-03-07T09:10:16+00:00,265,24719262.956173,10064.177626,1597492.504062,2443.637935,0.53,1295.12810555,\x7ffa930d3f4774a0ba1d1fbb5b26000bbb90ca70,\x3efcb1c1b64e2ddd3ff1cab28ad4e5ba9cc90c1c
pod-order-filled,2022-03-08T10:20:04+00:00,717,25068632.122103,0,1934354.834394,3742.630948,0.4,1497.0523792,\xc6e76a8ca58b58a72116d73256990f6b54edc096,\xeafc0e4acf147e53398a4c9ae5f15950332cce06
pod-order-filled,2022-03-09T05:01:33+00:00,52,490262408.247583,436815.986689,467537419.70186,500000,0.012,6000.000,\x36998db3f9d958f0ebaef7b0b6bf11f3441b216f,\xeafc0e4acf147e53398a4c9ae5f15950332cce06
pod-order-filled,2022-03-11T21:25:28+00:00,177,94293396.462959,0,71028117.662118,11277.021866,0.1,1127.7021866,\xe341d029a0541f84f53de23e416bee8132101e48,\xeafc0e4acf147e53398a4c9ae5f15950332cce06
pod-order-filled,2022-03-11T21:34:20+00:00,278,40848235.510054,0,17582956.709213,655.888982,0.25,163.97224550,\xf28df3a3924eec94853b66daaace2c85e1eb24ca,\xeafc0e4acf147e53398a4c9ae5f15950332cce06
pod-order-filled,2022-03-11T21:35:41+00:00,436,43657916.319211,0,20392637.51837,20000,0.25,5000.00,\xf28df3a3924eec94853b66daaace2c85e1eb24ca,\xeafc0e4acf147e53398a4c9ae5f15950332cce06
pod-order-filled,2022-03-12T00:05:44+00:00,266,693535758.530681,0,670269772.030651,138626.226222,0.017,2356.645845774,\xeafc0e4acf147e53398a4c9ae5f15950332cce06,\xf28df3a3924eec94853b66daaace2c85e1eb24ca
pod-order-filled,2022-03-12T00:07:10+00:00,160,693083416.760383,0,669817430.260353,72530,0.017,1233.010,\xeafc0e4acf147e53398a4c9ae5f15950332cce06,\xf28df3a3924eec94853b66daaace2c85e1eb24ca
pod-order-filled,2022-03-12T07:09:27+00:00,157,92734901.265345,0,69445681.825197,18284.62,0.1,1828.462,\xa9b13316697deb755cd86585de872ea09894ef0f,\xeafc0e4acf147e53398a4c9ae5f15950332cce06
pod-order-filled,2022-03-12T07:11:42+00:00,359,92716616.649965,2520.402726,69429917.612543,15764.212654,0.1,1576.4212654,\xa9b13316697deb755cd86585de872ea09894ef0f,\xeafc0e4acf147e53398a4c9ae5f15950332cce06
pod-order-filled,2022-03-12T07:18:17+00:00,95,25072374.753051,0,1783155.312903,508.670984,0.7,356.0696888,\x5a57107a58a0447066c376b211059352b617c3ba,\x55493d2bf0860b23a6789e9beff8d03ce03911cd
pod-order-filled,2022-03-12T07:18:57+00:00,171,24937249.001452,0,1648029.561304,476.81166,0.7,333.768162,\x5a57107a58a0447066c376b211059352b617c3ba,\x55493d2bf0860b23a6789e9beff8d03ce03911cd
pod-order-filled,2022-03-12T16:09:49+00:00,130,694574785.077846,88383.049,671353809.852991,42152.951,0.016,674.447216,\xeafc0e4acf147e53398a4c9ae5f15950332cce06,\xf28df3a3924eec94853b66daaace2c85e1eb24ca
pod-order-filled,2022-03-12T23:19:11+00:00,372,42171298.965051,275244.161854,19116369.587374,3344.111018,0.25,836.02775450,\xde13b8b32a0c7c1c300cd4151772b7ebd605660b,\xeafc0e4acf147e53398a4c9ae5f15950332cce06
pod-order-filled,2022-03-12T23:22:38+00:00,205,28269223.57303,0,4939050.033499,306.18,0.5,153.090,\x50a5ecd4876e7ff5e1a5c54a4f370c4c6f4047d8,\xeafc0e4acf147e53398a4c9ae5f15950332cce06
pod-order-filled,2022-03-12T23:24:02+00:00,201,28269529.75303,0,4939356.213499,306.18,0.5,153.090,\x50a5ecd4876e7ff5e1a5c54a4f370c4c6f4047d8,\xeafc0e4acf147e53398a4c9ae5f15950332cce06
pod-order-filled,2022-03-12T23:24:54+00:00,423,28278274.897376,0,4948101.357845,306.18,0.5,153.090,\x50a5ecd4876e7ff5e1a5c54a4f370c4c6f4047d8,\xeafc0e4acf147e53398a4c9ae5f15950332cce06
pod-order-filled,2022-03-12T23:30:08+00:00,212,28277968.717376,0,4947795.177845,306.18,0.5,153.090,\x50a5ecd4876e7ff5e1a5c54a4f370c4c6f4047d8,\xeafc0e4acf147e53398a4c9ae5f15950332cce06
pod-order-filled,2022-03-12T23:30:52+00:00,57,28277662.537376,0,4947488.997845,306.18,0.5,153.090,\x50a5ecd4876e7ff5e1a5c54a4f370c4c6f4047d8,\xeafc0e4acf147e53398a4c9ae5f15950332cce06
pod-order-filled,2022-03-12T23:31:50+00:00,375,28277356.357376,0,4947182.817845,306.18,0.5,153.090,\x50a5ecd4876e7ff5e1a5c54a4f370c4c6f4047d8,\xeafc0e4acf147e53398a4c9ae5f15950332cce06
pod-order-filled,2022-03-13T02:29:49+00:00,183,695155947.986631,0,671818986.080858,4442.676388,0.015,66.640145820,\x4d4a25125bdca5226efef9938d0597964d5561d9,\xf28df3a3924eec94853b66daaace2c85e1eb24ca
pod-order-filled,2022-03-14T22:52:31+00:00,154,25475543.849725,9056.725392,1954412.933054,4894.300767,0.7,3426.0105369,\xe1d86a7088d05398a2b9ba566be0b3c5ffa5d9af,\x55493d2bf0860b23a6789e9beff8d03ce03911cd
pod-order-filled,2022-03-14T23:09:22+00:00,230,48447512.649054,56452.472766,24967305.021021,20680,0.35,7238.00,\x0c722f3dcf2bebb50fcca45cd6715ee31a2ad793,\xeafc0e4acf147e53398a4c9ae5f15950332cce06
pod-order-filled,2022-03-14T23:59:28+00:00,259,25475543.849725,3523.403525,1942407.152451,5533.321867,0.7,3873.3253069,\xe1d86a7088d05398a2b9ba566be0b3c5ffa5d9af,\xeafc0e4acf147e53398a4c9ae5f15950332cce06
pod-order-filled,2022-03-15T05:39:50+00:00,93,93479526.08845,0,69922835.704553,302.105711,0.15,45.31585665,\x3103c84c86a534a4f10c3823606f2a5b90923924,\xeafc0e4acf147e53398a4c9ae5f15950332cce06
pod-order-filled,2022-03-15T23:10:18+00:00,119,470702637.131879,0,447011609.394731,166288.899719,0.018,2993.200194942,\x5767795b4efbf06a40cb36181ac08f47cdb0fcec,\xeafc0e4acf147e53398a4c9ae5f15950332cce06
pod-order-filled,2022-03-16T11:59:09+00:00,386,122360416.208513,0,98585394.850828,21058.843918,0.1,2105.8843918,\x297751960dad09c6d38b73538c1cce45457d796d,\x0b8e605a7446801ae645e57de5aabbc251cd1e3c
pod-order-filled,2022-03-16T12:51:33+00:00,323,117238888.595844,5986.510623,93464964.278857,12681.413672,0.1,1268.1413672,\x297751960dad09c6d38b73538c1cce45457d796d,\x0b8e605a7446801ae645e57de5aabbc251cd1e3c
